Steps,Policy/Entropy,Policy/Extrinsic Value Estimate,Policy/Curiosity Value Estimate,Policy/GAIL Value Estimate,Losses/Value Loss,Losses/Policy Loss,Policy/Learning Rate,Policy/Epsilon,Policy/Beta,Losses/Curiosity Forward Loss,Losses/Curiosity Inverse Loss,Losses/GAIL Loss,Policy/GAIL Policy Estimate,Policy/GAIL Expert Estimate,Losses/Pretraining Loss,Environment/Episode Length,Environment/Cumulative Reward,Policy/Extrinsic Reward,Policy/Curiosity Reward,Policy/GAIL Reward,Is Training
10000,1.5419319,-0.21973003,0.24002066,0.60045415,4.197368,0.43074027,0.0002998328,0.19994427,0.009994432,0.135838,1.5846007,3.419386,0.29463893,0.735851,0.19369833,832.5,-4.42054502598264,-4.42054502598264,23.43878950314088,108.88357772610404,1.0
20000,1.186275,-0.21577199,1.1509796,3.957271,8.708516,0.4770326,0.0002995466,0.19984886,0.009984901,0.05232408,1.3658552,1.5280087,0.30225092,0.7128253,0.11686148,524.9,-0.2406939538743566,-0.2406939538743566,15.241737119963064,167.57395864935484,1.0
30000,0.79969364,-0.047442358,1.628603,8.076625,4.7122145,0.4913991,0.00029922536,0.19974177,0.009974204,0.04151199,0.9618533,1.3346994,0.30350915,0.7028763,0.07211852,516.7619047619048,1.03176679658807,1.03176679658807,8.209132754968273,112.7105408443345,1.0
40000,0.6999439,0.30281028,1.8781017,9.910139,3.1206317,0.52956676,0.00029894465,0.19964822,0.009964855,0.043459408,0.86773497,1.3825163,0.3229618,0.69710076,0.04912807,397.05,1.6195704546170655,1.6195704546170655,7.4996667500171394,87.19470156563654,1.0
50000,0.83621377,0.3584557,2.1277792,11.130517,1.8901125,0.4775323,0.00029867375,0.19955793,0.0099558355,0.05160861,0.9361681,1.168805,0.309329,0.71425855,0.036862556,514.875,1.0289376000582706,1.0289376000582706,11.592596728354692,104.10429620742798,1.0
60000,0.79268056,0.11642067,2.0019827,11.94079,1.7449207,0.46383876,0.00029836866,0.19945619,0.009945674,0.0447874,0.92908204,1.026758,0.28666288,0.7307369,0.033743534,490.5652173913044,1.206217515282333,1.206217515282333,9.306956635869067,94.79565002866413,1.0
70000,0.9050471,0.093744755,2.0009043,13.156561,1.4009145,0.4392004,0.0002980678,0.19935593,0.0099356575,0.054377586,0.9708538,1.0998658,0.2975516,0.7148368,0.02782301,455.1304347826087,0.5111801243387163,0.5111801243387163,9.856064420938491,88.78591626286507,1.0
80000,0.8221582,0.24249272,2.2091322,15.028815,1.2429396,0.46623507,0.00029776254,0.19925418,0.009925494,0.055093743,0.93933094,1.1240976,0.31079453,0.70529777,0.027244095,303.8181818181818,1.5374471695908785,1.5374471695908785,7.650524599696784,65.43287390311632,1.0
90000,0.8555462,0.46528688,2.5469863,16.137516,1.2793399,0.4675378,0.00029746053,0.19915351,0.009915436,0.062748134,0.8915211,1.1153063,0.29522735,0.71051896,0.03266093,341.85714285714283,1.7931852592500273,1.7931852592500273,8.02077543211204,58.743756197116994,1.0
100000,0.7312238,0.54681814,2.6094787,16.35391,1.2384403,0.4463706,0.00029715267,0.19905089,0.009905184,0.05575589,0.75170356,1.0143948,0.29606512,0.7132574,0.040187478,332.258064516129,2.0941226210505253,2.0941226210505253,8.325729125930417,61.291212351091445,1.0
110000,0.90775853,0.38546926,2.5502229,15.274545,1.154272,0.42265195,0.0002968459,0.19894862,0.009894966,0.056504935,0.8172492,0.9255543,0.27643418,0.72802025,0.009614624828100205,457.72222222222223,1.3024000510728608,1.3024000510728608,10.101312859427361,76.65630882694607,1.0
120000,0.9924193,0.24340133,2.4803212,14.398181,1.0630884,0.38665313,0.00029654877,0.19884959,0.009885073,0.057492733,0.92098695,0.9038221,0.2740106,0.7365438,0.0,559.9444444444445,0.392600158768657,0.392600158768657,13.151069045066833,98.63337858099686,1.0
130000,0.9319458,-0.03999445,2.334798,12.850781,1.0782157,0.37793073,0.00029624705,0.198749,0.009875025,0.050338496,0.8119739,0.8305645,0.26108533,0.7516366,0.0,720.3571428571429,-1.26408553908446,-1.26408553908446,15.013123001371111,115.85069152287075,1.0
140000,0.9354257,0.028864808,2.10924,14.352159,0.9707354,0.4100349,0.00029594835,0.19864944,0.00986508,0.047174715,0.8095827,0.8914773,0.274395,0.7453676,0.0,596.25,0.11233761953189969,0.11233761953189969,11.899563817307353,102.91580819711089,1.0
150000,1.1309631,-0.11803341,2.1721127,12.699307,1.000318,0.37830335,0.00029564628,0.1985488,0.00985502,0.05491065,0.8887474,0.8032004,0.25005952,0.75577796,0.0,753.2142857142857,-1.4724305608094885,-1.4724305608094885,16.36302866385533,113.52929664575137,1.0
160000,1.1204743,-0.078444876,2.240776,12.432449,0.94046867,0.35637614,0.00029534657,0.19844884,0.00984504,0.054140996,0.9462029,0.79498315,0.24769013,0.750209,0.0,695.1875,-0.2775065604209279,-0.2775065604209279,15.31647998392582,102.968205956618,1.0
170000,1.1182,0.026726052,2.1487393,14.680221,1.2884201,0.39026508,0.0002950497,0.19834988,0.009835154,0.050979108,0.9366024,0.85449684,0.268619,0.7441617,0.0,445.05555555555554,0.7239600994158536,0.7239600994158536,10.03492526113987,83.62744284719228,1.0
180000,1.1333972,0.17564332,2.1708164,16.117798,1.4592543,0.37218374,0.00029475545,0.19825183,0.009825356,0.048762247,0.9669514,0.907317,0.2864576,0.72342855,0.0,386.62068965517244,1.112220842808742,1.112220842808742,7.8063011837416685,68.32445323158954,1.0
190000,1.1295652,0.33021638,1.9907986,14.398032,1.156622,0.34687012,0.0002944605,0.1981535,0.009815534,0.042266093,0.9761237,0.8001496,0.26671588,0.7449925,0.0,409.96,2.027632166557014,2.027632166557014,7.230066506564617,68.44579770326614,1.0
200000,1.1087078,0.56077033,1.9660083,16.26108,1.417961,0.4189499,0.00029417066,0.1980569,0.009805883,0.046652935,0.93255556,0.8678525,0.28261527,0.72701836,0.0,329.86206896551727,1.9638966496487886,1.9638966496487886,6.297866831308808,53.12891755021852,1.0
210000,1.1263269,0.68869036,1.9672574,14.227008,1.4828575,0.35790795,0.000293876,0.19795863,0.009796069,0.046749413,0.89631665,0.81122744,0.2529651,0.7467298,0.0,367.962962962963,2.0143409019888,2.0143409019888,7.06510746423845,54.61766782071855,1.0
220000,1.09747,0.5551068,1.9498245,12.823778,1.3226625,0.4046711,0.00029354848,0.1978495,0.009785163,0.04532367,0.8778383,0.7701767,0.24165289,0.75269985,0.0,367.1034482758621,1.7671143851642097,1.7671143851642097,7.095133235411985,55.18012553027698,1.0
230000,1.1462951,0.46053705,1.9035865,11.799173,0.8065052,0.37504527,0.0002932258,0.19774191,0.0097744195,0.046247803,0.9109,0.7791744,0.25040728,0.75343543,0.0,410.0,1.5264637686566196,1.5264637686566196,7.58052119274031,57.25649815933271,1.0
240000,1.1591592,0.406323,1.9224275,10.890525,0.88722956,0.38725108,0.00029293325,0.19764441,0.009764677,0.04634088,0.91280204,0.7780217,0.25285774,0.7603799,0.0,508.6666666666667,1.048571572439479,1.048571572439479,9.398886027790251,68.81763191024463,1.0
250000,1.1850226,0.28556255,1.9310906,10.4693365,0.58531064,0.38282207,0.0002926316,0.19754387,0.00975463,0.047213048,0.9148019,0.70822877,0.22563303,0.77342904,0.0,531.85,1.0277556924459834,1.0277556924459834,10.479094946136078,72.60531252043114,1.0
260000,1.1991901,0.24955098,1.9306371,11.999398,1.3148984,0.344621,0.00029233523,0.19744508,0.0097447615,0.045447223,0.95457774,0.7720026,0.25789183,0.76430273,0.0,456.3333333333333,0.8903305271397466,0.8903305271397466,8.463404750046523,73.78920588933903,1.0
270000,1.125557,0.16864835,1.8590214,11.613099,1.2055656,0.3557737,0.00029203438,0.19734481,0.009734744,0.045204792,0.89599764,0.76062816,0.2424521,0.75914085,0.0,486.1818181818182,0.6059580030115811,0.6059580030115811,10.322451967942087,80.1327263603085,1.0
280000,1.1399295,0.27738035,1.8296704,11.723382,1.4271765,0.34930426,0.00029173942,0.19724646,0.009724922,0.043645933,0.8449073,0.76112765,0.24859929,0.75435746,0.0,414.04761904761904,1.6540167375545327,1.6540167375545327,7.240254553500563,60.44603467360139,1.0
290000,1.1751062,0.30585894,1.8065557,11.285826,1.020191,0.33999488,0.0002914436,0.19714788,0.00971507,0.044541858,0.8721566,0.7527857,0.24412093,0.75726306,0.0,421.7826086956522,1.1470958260090456,1.1470958260090456,7.341783017729935,59.05664626816692,1.0
300000,1.2021484,0.21403067,1.8329359,9.523414,0.74715143,0.34751832,0.00029114605,0.1970487,0.009705163,0.04258364,0.91484183,0.68694305,0.2163367,0.7784168,0.0,473.3333333333333,0.7042958087733259,0.7042958087733259,8.88980388527979,60.777312506800115,1.0
310000,1.1526576,0.55197716,1.8766146,14.288394,1.8539127,0.36468208,0.0002908559,0.19695196,0.009695501,0.046193987,0.8830228,0.83202136,0.27856076,0.7346774,0.0,284.15625,2.290858099477426,2.290858099477426,5.15687899051174,46.57174481115034,1.0
320000,1.2042224,0.56179315,1.7886778,11.80449,1.4133562,0.3846588,0.00029056118,0.19685373,0.009685688,0.041567586,0.9776882,0.724131,0.23350783,0.76389295,0.0,407.2916666666667,1.9411231600321257,1.9411231600321257,6.93186678393529,52.113626054273205,1.0
330000,1.1782484,0.6115971,1.6984843,12.242669,1.5077108,0.35635474,0.00029025978,0.19675326,0.00967565,0.03934688,0.91261035,0.7167392,0.22991249,0.7736958,0.0,408.5652173913044,2.0209418362937868,2.0209418362937868,6.513685580343008,57.482042491436005,1.0
340000,1.1684331,0.5450173,1.6765091,11.837772,0.8945497,0.34815446,0.00028996184,0.19665395,0.0096657295,0.042714268,0.91573393,0.7269696,0.23619588,0.7642876,0.0,384.6296296296296,1.5716000946445599,1.5716000946445599,6.692686794808617,55.558760704817594,1.0
350000,1.1689453,0.49796817,1.7231647,11.482065,0.7723416,0.35714868,0.00028966408,0.19655469,0.009655813,0.041624635,0.8433898,0.6900711,0.21864375,0.78084886,0.0,472.54545454545456,1.5067144583777659,1.5067144583777659,7.81081690586039,59.1260674929335,1.0
360000,1.1406784,0.55373895,1.8254037,10.699834,0.5793525,0.4147411,0.00028936632,0.19645545,0.009645897,0.04440979,0.81043416,0.6888069,0.22702928,0.7785366,0.0,372.7037037037037,1.7876572261697479,1.7876572261697479,7.239151548328144,51.594752102158964,1.0
370000,1.1600218,0.6772258,1.9181918,10.9960575,0.5678677,0.38307917,0.00028904944,0.19634981,0.009635347,0.04644222,0.8716464,0.7170155,0.23408933,0.7643232,0.0,311.05555555555554,2.113600143809514,2.113600143809514,5.978247336272536,38.764731046454656,1.0
380000,1.1185039,0.7430481,1.9068216,10.8564,0.65098023,0.37157232,0.00028872516,0.1962417,0.009624547,0.04437857,0.8871137,0.7277086,0.24266121,0.76743525,0.0,294.75757575757575,1.8803459905792732,1.8803459905792732,5.414536445527463,39.81495150601542,1.0
390000,1.1070919,0.82374144,1.8941613,11.7705555,0.9984273,0.4003729,0.0002884396,0.19614652,0.0096150385,0.047104098,0.87140083,0.78986776,0.26817587,0.7423107,0.0,247.6578947368421,2.067065052688122,2.067065052688122,4.686107525136322,36.11707539847121,1.0
400000,1.0928141,0.7445822,1.8898797,10.919258,0.90308654,0.394741,0.00028815403,0.19605133,0.009605529,0.0465535,0.8771049,0.746667,0.2471725,0.7564518,0.0,239.47368421052633,2.2227790158572853,2.2227790158572853,4.686232501346814,32.49562312741028,1.0
410000,1.0938548,0.64855844,1.8757051,9.533788,0.7873519,0.3707458,0.00028786174,0.19595392,0.009595795,0.045458905,0.84257853,0.7027,0.22637954,0.7753664,0.0,322.61290322580646,2.0060065628945707,2.0060065628945707,6.07676979082246,38.43406784534454,1.0
420000,1.1690103,0.5241491,1.8703651,9.162669,0.7654153,0.34770733,0.0002875697,0.19585656,0.009586071,0.04615446,0.88753575,0.68434066,0.2215344,0.7791246,0.0,375.48148148148147,1.3994644083348768,1.3994644083348768,7.213765129446983,44.60401140153408,1.0
430000,1.1650388,0.4119842,1.9029247,10.00377,1.0500174,0.39276302,0.00028727792,0.19575931,0.009576355,0.04750098,0.8892826,0.7317052,0.24230051,0.76396,0.0,307.6666666666667,1.6145734388381243,1.6145734388381243,5.836764249702295,45.21126522570849,1.0
440000,1.1929615,0.36489496,1.8362969,8.710043,0.95185465,0.35646072,0.00028695154,0.19565052,0.009565487,0.04370695,0.91981035,0.6907053,0.2255636,0.7789607,0.0,382.86206896551727,1.3581643993966281,1.3581643993966281,7.018666996487549,47.43272309537445,1.0
450000,1.1946622,0.35603362,1.8086417,8.833815,0.7757608,0.33016264,0.0002866279,0.19554265,0.009554708,0.043901138,0.8933257,0.6183685,0.1971126,0.8020423,0.0,427.28,1.3788417055620812,1.3788417055620812,7.1881547983114915,46.43457521125674,1.0
460000,1.1890574,0.40983292,1.8839179,8.763601,0.9734033,0.40895525,0.0002863345,0.19544485,0.009544939,0.045214508,0.8949709,0.65763086,0.2134852,0.78612596,0.0,372.76,1.451976065635681,1.451976065635681,7.336569472402334,43.65926603890956,1.0
470000,1.1885387,0.44629842,1.8139181,8.735438,1.2829473,0.411074,0.000286044,0.19534798,0.009535263,0.042852957,0.85931873,0.6673655,0.21182105,0.786073,0.0,347.85185185185185,1.805084702773736,1.805084702773736,6.361349034767884,46.38470443395468,1.0
480000,1.1714147,0.45456713,1.8222172,8.204166,0.8270979,0.3350699,0.00028574627,0.19524875,0.009525349,0.045905318,0.8216208,0.6100718,0.18862566,0.79924333,0.0,468.5,1.624947897442009,1.624947897442009,7.803719769353452,41.63288317555966,1.0
490000,1.1999129,0.3913713,1.847733,8.351494,0.82086766,0.3136997,0.00028544682,0.19514894,0.009515379,0.047091704,0.87347144,0.63628685,0.20664564,0.79683673,0.0,436.5217391304348,1.4991740258815496,1.4991740258815496,8.7596724771935,52.82183970834898,1.0
500000,1.1639028,0.40962264,1.9178381,9.952075,1.0539882,0.3254951,0.00028515016,0.19505003,0.009505498,0.048303198,0.83331585,0.6607803,0.21433175,0.78553176,0.0,348.57142857142856,1.624627690569594,1.624627690569594,7.301648332127209,43.575608601344044,1.0
510000,1.1239858,0.5679949,1.9716185,9.755899,1.0847979,0.41140288,0.0002848602,0.19495341,0.009495845,0.047801673,0.7704477,0.6838013,0.2164311,0.7798528,0.0,316.875,2.1039515931272144,2.1039515931272144,6.187655481425199,39.241637260173306,1.0
520000,1.1480974,0.6264811,2.0019581,10.098033,0.99268234,0.3893729,0.0002845677,0.19485591,0.009486103,0.04833182,0.76245844,0.67774403,0.2190553,0.7813712,0.0,319.3448275862069,1.948503519697436,1.948503519697436,6.291191466923418,31.312762228579356,1.0
530000,1.1339618,0.6095832,1.9813135,10.192719,0.92293996,0.39337146,0.00028424463,0.19474821,0.009475346,0.04727221,0.78815407,0.6845889,0.22598797,0.77517396,0.0,299.975,2.026120098680258,2.026120098680258,5.727738116468702,38.44459292718342,1.0
540000,1.1015499,0.64501023,1.9437556,9.008985,0.74134874,0.39480716,0.0002839276,0.19464251,0.009464788,0.046515133,0.79486394,0.67334753,0.22091162,0.78124875,0.0,254.9,2.3074594967167927,2.3074594967167927,5.140659906574197,32.63050891821449,1.0
550000,1.0706129,0.81732696,1.9704691,9.170757,0.8486961,0.38927338,0.00028364322,0.19454774,0.009455319,0.046991635,0.74823225,0.6733017,0.22334822,0.78170264,0.0,292.05882352941177,2.0143136088107085,2.0143136088107085,4.964000878905928,27.516347972927868,1.0
560000,1.0665687,0.83704704,1.9604498,8.860091,1.1736138,0.4311139,0.0002833531,0.19445102,0.009445658,0.04627348,0.76813304,0.69078946,0.2272059,0.77794343,0.0,256.85714285714283,2.2931900263298304,2.2931900263298304,5.436771455779672,34.71662139967084,1.0
570000,1.049059,0.84215325,2.036383,9.692428,0.8560408,0.31974262,0.00028306548,0.19435516,0.00943608,0.049434192,0.7244576,0.659912,0.21523854,0.779895,0.0,259.625,2.170818754064385,2.170818754064385,5.3105498855002224,29.561130674090236,1.0
580000,1.0446982,0.705224,2.0193768,8.567617,0.678309,0.39090085,0.000282771,0.19425699,0.009426273,0.048131306,0.74891627,0.6202477,0.19588548,0.80267173,0.0,356.71875,1.8714903902653004,1.8714903902653004,6.790087839288097,38.2184441478983,1.0
590000,0.9924313,0.6150321,2.0539916,9.8809805,1.1097461,0.38011602,0.00028244662,0.19414885,0.009415471,0.050120313,0.687599,0.6786358,0.21732618,0.77787703,0.0,233.45652173913044,2.235979546816685,2.235979546816685,5.349363899192749,33.04559334214681,1.0
600000,1.0370126,0.64321333,2.1360867,9.835618,0.9672448,0.3988622,0.00028213003,0.19404334,0.009404929,0.050545175,0.73062193,0.7093359,0.23306377,0.772236,0.0,248.2439024390244,2.2330818515567277,2.2330818515567277,4.950053267858245,30.42238082181112,1.0
610000,1.036034,0.71969193,2.1403334,9.449777,0.916258,0.34616905,0.00028183564,0.19394524,0.009395127,0.05090307,0.67016226,0.6856889,0.22236831,0.775036,0.0,263.77142857142854,2.3134316616250494,2.3134316616250494,5.195651940413211,27.727875431656447,1.0
620000,1.0744916,0.7409847,2.1650019,8.733806,0.9289366,0.42364725,0.00028155424,0.1938514,0.009385754,0.05063663,0.73371774,0.6786002,0.21707061,0.7853305,0.0,240.3658536585366,1.938775074388832,1.938775074388832,5.299392695911228,29.566771386377514,1.0
630000,1.0724946,0.6497603,2.1494951,9.121133,0.87956417,0.36418873,0.00028127054,0.19375685,0.00937631,0.050302215,0.70982516,0.6767184,0.2195789,0.7761627,0.0,281.11764705882354,2.0761351934256584,2.0761351934256584,5.507153555952214,30.438608240839596,1.0
640000,1.0491265,0.67680854,2.1845315,8.723074,0.8450722,0.3747218,0.00028094923,0.19364972,0.009365608,0.052239403,0.6854536,0.6410067,0.20428252,0.7901053,0.0,292.275,2.130476505632567,2.130476505632567,6.192678515525425,32.90936356695259,1.0
650000,1.0343392,0.77856183,2.3474944,9.520243,0.8835577,0.40156668,0.000280632,0.193544,0.009355045,0.0546842,0.7236311,0.70040935,0.23518744,0.76904404,0.0,183.87755102040816,2.359670572882226,2.359670572882226,4.3846551404864185,23.77388827926388,1.0
660000,1.0409856,0.8011459,2.3019972,8.362081,0.68548864,0.37960607,0.0002803452,0.1934484,0.009345495,0.05022014,0.7484572,0.66214997,0.21111517,0.7774042,0.0,236.8139534883721,2.175800044045207,2.175800044045207,4.592346705318916,24.14114875931825,1.0
670000,1.0173419,0.9590217,2.3171778,8.702983,0.895988,0.3825258,0.00028006433,0.19335476,0.009336141,0.052123465,0.7118936,0.71938753,0.23975603,0.767027,0.0,188.6530612244898,2.426950047706039,2.426950047706039,4.3415807379552955,25.669160010149845,1.0
680000,1.0139612,1.02517,2.2805705,9.706132,0.99671316,0.3651036,0.00027975335,0.19325113,0.009325786,0.051080618,0.6795246,0.74182075,0.24850667,0.7534375,0.0,167.81159420289856,2.448327900368537,2.448327900368537,3.457361108577642,23.442391279779496,1.0
690000,0.9816729,1.0728874,2.182558,9.3849535,1.1262044,0.3944942,0.00027943117,0.1931437,0.009315058,0.044375103,0.6678924,0.764338,0.25276402,0.7503465,0.0,189.62,2.5186440217494965,2.5186440217494965,3.688197612166405,25.588693290948868,1.0
700000,0.977347,1.081456,2.0996592,8.821686,0.952975,0.35350356,0.00027914174,0.19304723,0.009305419,0.04777093,0.65207034,0.7079108,0.23292956,0.7646368,0.0,211.8372093023256,2.536432706313778,2.536432706313778,3.892675425933332,25.528834604791232,1.0
710000,0.9881834,1.0457128,2.084405,8.589173,1.0032203,0.401179,0.00027885166,0.19295055,0.009295759,0.047339275,0.7008763,0.7327878,0.24212375,0.75922745,0.0,195.2156862745098,2.593180849109418,2.593180849109418,3.8957090427955756,23.326066217635972,1.0
720000,0.9323175,1.0366788,2.1383975,10.1604595,1.5870705,0.44189277,0.00027854112,0.19284703,0.009285417,0.047439452,0.6747101,0.7511788,0.24682952,0.75229865,0.0,173.32258064516128,2.5156678673146025,2.5156678673146025,3.500700201307024,24.987259850438154,1.0
730000,1.0164583,1.0556866,2.1292067,8.860994,1.259022,0.40331975,0.00027824042,0.1927468,0.009275406,0.04837815,0.7264273,0.71451247,0.23434491,0.76528096,0.0,218.9512195121951,2.3593250488629565,2.3593250488629565,4.079757030742864,25.244104979375454,1.0
740000,1.0218285,0.96645784,2.1549027,8.255206,1.0072128,0.3665467,0.00027796015,0.19265336,0.009266071,0.04659657,0.6745711,0.6677945,0.21537694,0.7794204,0.0,247.02777777777777,2.476978431883696,2.476978431883696,4.618912463252609,26.46036358132354,1.0
750000,0.98295367,0.94099134,2.1233664,8.906156,1.3860277,0.38649014,0.00027764827,0.19254942,0.009255686,0.04814157,0.67494416,0.7378532,0.24060649,0.7631394,0.0,187.6031746031746,2.4061782213435934,2.4061782213435934,4.013786265660416,25.009076680209148,1.0
760000,0.99997556,1.0319512,2.151473,9.552886,1.2468932,0.34789017,0.00027734967,0.1924499,0.009245743,0.050467484,0.66496146,0.72166264,0.2365686,0.7598466,0.0,190.875,2.4965963103739477,2.4965963103739477,3.4797424865817583,21.685882945096605,1.0
770000,1.0005825,1.0224053,2.1446297,8.306315,0.88140297,0.3818217,0.0002770627,0.19235423,0.009236189,0.050514836,0.69003576,0.6771804,0.2197895,0.77834016,0.0,195.46938775510205,2.5599077124005327,2.5599077124005327,4.210574147219841,21.449516758609278,1.0
780000,0.95205754,1.0787699,2.186172,8.833476,1.1022363,0.4093821,0.00027675985,0.19225329,0.009226102,0.047837432,0.64389986,0.75065255,0.25414252,0.7525514,0.0,163.0,2.560906489920472,2.560906489920472,3.2933013690335136,23.230680549877786,1.0
790000,0.9338631,1.165209,2.2127972,9.167099,1.2148107,0.44306695,0.00027643688,0.1921456,0.0092153475,0.0493104,0.6375072,0.77257437,0.25777015,0.7445307,0.0,151.74285714285713,2.5717292251781774,2.5717292251781774,3.0709809225339155,20.09808614434531,1.0
800000,0.9501993,1.1328808,2.1484067,8.681644,1.244292,0.35402167,0.00027613374,0.19204457,0.009205252,0.049489357,0.6412926,0.7136106,0.23468678,0.7625553,0.0,191.79545454545453,2.4517019064657672,2.4517019064657672,3.733696834166657,23.831830166987547,1.0
810000,0.9777288,0.9932643,2.1016428,7.5137253,0.9061562,0.38598183,0.00027585126,0.19195041,0.0091958465,0.0482825,0.6157405,0.68588275,0.21636173,0.7768553,0.0,231.52272727272728,2.277265156857496,2.277265156857496,4.573656793077324,22.32119760003894,1.0
820000,0.9848349,0.96388483,2.1023288,8.357777,1.114071,0.36268795,0.00027556848,0.19185618,0.00918643,0.048647277,0.6258429,0.684635,0.22058988,0.77697724,0.0,204.6595744680851,2.5055708400517083,2.5055708400517083,4.247143392916769,26.08019322009447,1.0
830000,0.9246839,0.9892466,2.103784,9.132687,1.129816,0.3794011,0.0002752626,0.19175422,0.009176245,0.050351262,0.6065096,0.7230633,0.23923434,0.7604018,0.0,172.98333333333332,2.616982166854931,2.616982166854931,3.618875901746963,22.642728573110485,1.0
840000,0.9121408,1.0264151,2.1553888,8.68437,0.8315404,0.38471422,0.00027496164,0.19165388,0.009166221,0.051957686,0.5676548,0.69594073,0.2243925,0.7686558,0.0,200.25,2.5173269241797525,2.5173269241797525,4.147465619473503,23.55516232854615,1.0
850000,0.89046615,1.0849004,2.2067544,8.951436,1.1611122,0.39959726,0.00027466123,0.19155373,0.009156219,0.050892875,0.52501804,0.7085491,0.23387343,0.76809114,0.0,173.48275862068965,2.526149212319593,2.526149212319593,3.676120890367587,20.77492485526886,1.0
860000,0.95933974,1.0264722,2.256336,8.71335,1.0039403,0.377792,0.0002743568,0.19145228,0.009146081,0.0511036,0.6017822,0.67983454,0.22471921,0.78510606,0.0,184.0754716981132,2.5842188918822497,2.5842188918822497,3.9001544848927914,23.270663467007427,1.0
870000,0.9117489,1.1898658,2.2711265,9.384735,1.0454243,0.3997287,0.00027406248,0.19135416,0.009136279,0.051085602,0.5665878,0.74104995,0.25260764,0.7553598,0.0,140.44,2.6598281641490757,2.6598281641490757,3.028845304859356,16.792143810356798,1.0
880000,0.89525074,1.2974751,2.2454088,9.438137,1.1318606,0.40980563,0.00027374792,0.1912493,0.009125805,0.05112392,0.5582174,0.7701233,0.2581735,0.74370956,0.0,143.76388888888889,2.6084882278981456,2.6084882278981456,3.058844504549223,19.173493913867894,1.0
890000,0.9134507,1.3102463,2.3348079,9.083422,1.3505154,0.3904152,0.00027346003,0.19115333,0.009116218,0.049522407,0.5594002,0.7646671,0.25463682,0.746876,0.0,149.75,2.6638461443953787,2.6638461443953787,2.9512216315819666,18.822212629822584,1.0
900000,0.89986897,1.1253517,2.279237,8.73439,0.74140745,0.40576577,0.00027315796,0.19105263,0.009106159,0.049145818,0.56144124,0.7192111,0.23241584,0.76154464,0.0,175.06060606060606,2.4942931313196133,2.4942931313196133,3.6186968803020387,22.89900047068709,1.0
910000,0.9164422,1.10039,2.2655103,8.859123,1.0238469,0.4444039,0.00027283473,0.19094491,0.009095396,0.049074277,0.5684169,0.72840714,0.24365298,0.75943375,0.0,165.953125,2.5553966644918544,2.5553966644918544,3.301230774074793,20.6683927802369,1.0
920000,0.9242786,1.2251654,2.301496,9.192164,0.9899146,0.38888755,0.00027253982,0.1908466,0.009085575,0.049203344,0.52945995,0.7202331,0.2407032,0.76081157,0.0,145.92727272727274,2.6216696992262523,2.6216696992262523,2.99516767613364,17.395152984243452,1.0
930000,0.97184914,1.185985,2.288353,8.014443,1.034901,0.3627333,0.00027226578,0.19075523,0.009076448,0.047570713,0.58727396,0.67425215,0.21339872,0.7762177,0.0,186.7843137254902,2.574019227570926,2.574019227570926,3.647840404166625,20.706710836921747,1.0
940000,0.9630243,1.1292312,2.3154716,8.653194,1.1419162,0.3822738,0.00027195763,0.19065255,0.009066188,0.048181605,0.56227016,0.6941357,0.22711253,0.77644295,0.0,184.25,2.577770896120505,2.577770896120505,3.7131898797371172,21.550267722288314,1.0
950000,0.9410988,1.0949332,2.2142768,7.73734,0.826419,0.3644349,0.0002716501,0.19055003,0.009055948,0.0445761,0.5773495,0.6481935,0.20672241,0.78376824,0.0,182.69230769230768,2.5901321624738296,2.5901321624738296,3.422777708752879,18.951287461178644,1.0
960000,0.9202926,1.096181,2.209265,8.920798,1.2335835,0.38937843,0.00027135498,0.19045164,0.00904612,0.053079825,0.5882266,0.7685132,0.26294175,0.74820894,0.0,144.78378378378378,2.511863772143218,2.511863772143218,3.068501744257367,18.791536727083333,1.0
970000,0.8983888,1.1878626,2.2465463,8.600721,1.1593094,0.3936185,0.00027103943,0.19034646,0.0090356115,0.048278347,0.55464864,0.74819344,0.25157434,0.7547562,0.0,148.65217391304347,2.615087847359422,2.615087847359422,2.9731000338991485,20.202015945349228,1.0
980000,0.94222844,1.1324395,2.1982267,8.3886175,1.074278,0.39577657,0.00027074275,0.1902476,0.009025733,0.04917124,0.59843874,0.73078907,0.24561182,0.7582609,0.0,148.2741935483871,2.5249515402159006,2.5249515402159006,3.1174718006090685,19.553070577030834,1.0
990000,0.9563124,1.1226072,2.2491133,8.805268,1.1123381,0.3919666,0.00027045226,0.19015075,0.009016059,0.05047314,0.5785551,0.77360886,0.25722542,0.7404733,0.0,133.53246753246754,2.5300640152581035,2.5300640152581035,2.8390219861020642,18.715195926944727,1.0
1000000,0.9430355,1.1729988,2.2464397,8.257042,1.0000575,0.38193494,0.0002701636,0.19005457,0.009006447,0.048852216,0.56975424,0.7325432,0.24221686,0.7576364,0.0,149.7,2.530563640394107,2.530563640394107,2.865531273468426,16.74512483164047,1.0
1010000,0.93446594,1.1294225,2.2406943,8.858042,1.1749855,0.3898534,0.000269861,0.18995364,0.00899637,0.05100973,0.5832242,0.753592,0.25150436,0.74939483,0.0,139.3170731707317,2.6016301602597207,2.6016301602597207,3.0414112541977674,17.924363331748044,1.0
1020000,0.9320306,1.142557,2.3128674,8.668963,1.1309015,0.42735586,0.0002695527,0.1898509,0.008986103,0.055045832,0.64585316,0.7735621,0.2651811,0.74179006,0.0,116.42105263157895,2.558449428747682,2.558449428747682,2.7231711807934675,16.265576795357116,1.0
1030000,0.90754426,1.3281997,2.33984,8.120373,1.0363202,0.40388075,0.0002692632,0.18975441,0.008976464,0.053145837,0.5874499,0.75265497,0.25196454,0.74669456,0.0,128.25301204819277,2.569213369463881,2.569213369463881,2.8769171928366024,15.652328664908806,1.0
1040000,0.8936696,1.1797864,2.308711,8.32195,1.0566174,0.3769997,0.00026894186,0.18964727,0.008965763,0.05299075,0.57759553,0.7498314,0.25386652,0.75102764,0.0,127.12048192771084,2.5468130237967164,2.5468130237967164,2.7802896996984234,15.587752346427168,1.0
1050000,0.9220988,1.1904185,2.3635247,8.074938,0.872681,0.4102145,0.00026864873,0.18954957,0.008956003,0.053863537,0.54936254,0.7192844,0.24000612,0.7632681,0.0,135.56060606060606,2.4017405458851844,2.4017405458851844,2.850481222207482,15.240875837569302,1.0
